{
	"route":[
				[3.329739,0.055,-0.259506], 
				[1.329739,0.055,-0.259504],
				[1.334739,0.0548638,-0.75489], 
				[0.939739,0.054638,-0.74989], 
				[0.9347399,0.5741258,0.7979478]
			],
	"virtual_platform":	[
							{
							"platform_type": 1,
							"platform_points":	[
											[0.6260657,1.064,0.055],
											[1.1260657,1.064,0.055],
											[1.1260657,1.064,0.555],
											[0.6260657,1.064,0.555]
								   		]
							},
						],
	"enemies": 	[
					{
						"enemy_type": 1,
						"enemy_path": [[1.329739,0.055,-0.259504], [1.334739,0.0548638,-0.75489]]
					}
				],
	"collectibles":[
				{
					"collectible_type": "coin",
					"position": [2.849,0.866,-0.291687]
			 	},
			 	{
					"collectible_type": "coin",
					"position": [2.706,0.943,-0.291687]
			 	},
			 	{
					"collectible_type": "coin",
					"position": [2.563,0.866,-0.291687]
			 	}
			],
	"blocks": [
				{
					"type": 0,
					"contents": 1,
					"position": [2.328, 0.782, -0.247]
			 	},
			  ]
}
